City_ID,City,Country,Lat,Lng,Max Temp,Humidity,Cloudiness,Wind Speed,Current Description
0,Pevek,RU,69.7008,170.3133,32.43,86,99,28.32,overcast clouds
1,Broome,US,42.2506,-75.833,65.61,86,0,1.01,clear sky
2,Cap Malheureux,MU,-19.9842,57.6142,72.46,71,37,8.99,scattered clouds
3,Port Alfred,ZA,-33.5906,26.891,77.18,32,2,7.0,clear sky
4,Sept-Iles,CA,50.2001,-66.3821,57.06,90,96,5.12,overcast clouds
5,Susanville,US,40.4163,-120.653,61.92,46,0,3.0,clear sky
6,Guerrero Negro,MX,27.9769,-114.0611,66.4,87,0,7.07,clear sky
7,Jijiga,ET,9.35,42.8,65.43,71,85,22.1,overcast clouds
8,Baracoa,CU,20.3467,-74.4958,78.66,89,3,1.63,clear sky
9,Upernavik,GL,72.7868,-56.1549,41.86,87,98,3.27,overcast clouds
10,Okhotsk,RU,59.3833,143.3,61.56,82,17,8.16,few clouds
11,Klaksvik,FO,62.2266,-6.589,50.92,86,95,23.09,overcast clouds
12,Atuona,PF,-9.8,-139.0333,77.65,75,1,18.16,clear sky
13,Hobart,AU,-42.8794,147.3294,44.46,86,75,10.36,broken clouds
14,Nikolskoye,RU,59.7035,30.7861,67.91,59,36,8.68,scattered clouds
15,Thompson,CA,55.7435,-97.8558,63.09,95,100,3.96,overcast clouds
16,Puerto Ayora,EC,-0.7393,-90.3518,66.54,97,45,7.0,scattered clouds
17,Bluff,NZ,-46.6,168.3333,48.79,78,35,17.81,scattered clouds
18,Lebu,CL,-37.6167,-73.65,49.21,94,100,23.73,overcast clouds
19,Mokhotlong,LS,-29.2894,29.0675,55.44,13,0,3.94,clear sky
20,Codrington,AU,-38.2667,141.9667,46.9,74,50,19.1,scattered clouds
21,Qaanaaq,GL,77.484,-69.3632,46.17,59,17,5.57,few clouds
22,Rocha,UY,-34.4833,-54.3333,45.84,76,89,14.5,overcast clouds
23,Nouadhibou,MR,20.931,-17.0347,68.7,85,93,22.41,overcast clouds
24,Burnie,AU,-41.0667,145.9167,44.94,71,20,18.59,few clouds
25,Ahipara,NZ,-35.1667,173.1667,50.68,79,49,3.91,scattered clouds
26,Kapaa,US,22.0752,-159.319,80.58,84,100,16.11,overcast clouds
27,Khatanga,RU,71.9667,102.5,66.09,46,100,6.82,overcast clouds
28,Bredasdorp,ZA,-34.5322,20.0403,66.88,41,3,4.29,clear sky
29,Emba,KZ,48.8264,58.1442,87.58,29,11,4.99,few clouds
30,Coquimbo,CL,-29.9533,-71.3436,46.13,65,0,10.36,clear sky
31,Butaritari,KI,3.0707,172.7902,81.03,71,100,2.71,light rain
32,East London,ZA,-33.0153,27.9116,73.06,30,7,3.09,clear sky
33,Jamestown,US,42.097,-79.2353,66.72,83,0,3.44,clear sky
34,Rikitea,PF,-23.1203,-134.9692,74.53,74,100,15.75,overcast clouds
35,Gat,IL,31.61,34.7642,88.39,30,0,8.46,clear sky
36,Sitka,US,57.0531,-135.33,57.09,82,100,4.61,overcast clouds
37,Caconda,AO,-13.7333,15.0667,62.58,36,0,10.29,clear sky
38,Vaini,TO,-21.2,-175.2,73.56,94,40,5.75,scattered clouds
39,Marrakesh,MA,31.6315,-8.0083,77.07,65,40,4.61,scattered clouds
40,Ushuaia,AR,-54.8,-68.3,40.66,65,75,11.5,broken clouds
41,Vila Velha,BR,-20.3297,-40.2925,66.15,93,0,3.44,clear sky
42,Carnarvon,AU,-24.8667,113.6333,72.19,58,97,10.4,overcast clouds
43,Severo-Kurilsk,RU,50.6789,156.125,54.66,94,93,2.17,overcast clouds
44,Kavieng,PG,-2.5744,150.7967,82.33,78,65,14.38,broken clouds
45,Lompoc,US,34.6391,-120.4579,56.52,94,100,0.0,mist
46,Townsville,AU,-19.25,146.8,68.88,73,0,11.5,clear sky
47,Esperance,AU,-33.8667,121.9,59.18,67,100,9.69,overcast clouds
48,Farafangana,MG,-22.8167,47.8333,72.01,67,86,13.67,overcast clouds
49,Ponta Do Sol,PT,32.6667,-17.1,72.01,75,30,8.59,scattered clouds
50,Matane,CA,48.8286,-67.522,56.62,94,99,9.13,overcast clouds
51,Nantucket,US,41.2835,-70.0995,73.51,94,100,5.75,fog
52,Port Lincoln,AU,-34.7333,135.8667,53.76,64,72,16.78,broken clouds
53,Naze,JP,28.3667,129.4833,81.86,81,100,11.72,overcast clouds
54,Saint-Philippe,RE,-21.3585,55.7679,73.22,82,73,18.01,light rain
55,Provideniya,RU,64.3833,-173.3,50.49,74,99,6.64,overcast clouds
56,Severnyy,RU,50.677,36.5532,71.64,46,0,4.47,clear sky
57,Matara,LK,5.9485,80.5353,85.96,65,100,13.22,overcast clouds
58,Thomasville,US,35.8826,-80.082,71.42,95,35,5.08,scattered clouds
59,Qaqortoq,GL,60.7167,-46.0333,41.67,81,95,3.91,overcast clouds
60,Mandera,KE,3.9366,41.867,86.07,38,92,24.16,overcast clouds
61,Nanortalik,GL,60.1432,-45.2371,41.02,84,17,8.7,few clouds
62,Albany,US,42.6001,-73.9662,68.41,90,49,2.01,scattered clouds
63,Kinsale,IE,51.7075,-8.5306,66.24,88,75,11.5,broken clouds
64,Yellowknife,CA,62.456,-114.3525,59.56,100,100,10.0,overcast clouds
65,General Pico,AR,-35.6566,-63.7568,35.8,75,4,8.79,clear sky
66,Bilibino,RU,68.0546,166.4372,38.41,74,99,20.36,light rain
67,Vytegra,RU,61.0064,36.4481,64.45,57,100,4.52,light rain
68,Thinadhoo,MV,0.5333,72.9333,81.36,78,96,8.08,overcast clouds
69,Sobolevo,RU,54.4299,31.8996,62.56,71,14,3.69,light rain
70,Altagracia De Orituco,VE,9.8601,-66.3814,70.2,97,87,3.18,overcast clouds
71,Mahebourg,MU,-20.4081,57.7,72.25,72,68,20.85,light rain
72,Saldanha,ZA,-33.0117,17.9442,61.83,75,0,9.69,clear sky
73,Conde,BR,-7.2597,-34.9075,72.86,94,75,9.22,broken clouds
74,Emerald,AU,-23.5333,148.1667,66.34,56,12,7.94,few clouds
75,Busselton,AU,-33.65,115.3333,56.37,85,100,12.26,light rain
76,Crossville,US,35.949,-85.0269,70.45,95,0,3.44,clear sky
77,Touros,BR,-5.1989,-35.4608,73.85,90,48,12.55,scattered clouds
78,Bengkulu,ID,-3.8004,102.2655,85.17,68,80,8.08,broken clouds
79,Campbell River,CA,50.0163,-125.2446,59.45,90,93,6.64,overcast clouds
80,Doka,SD,13.5167,35.7667,82.81,57,38,8.88,scattered clouds
81,Yar-Sale,RU,66.8333,70.8333,71.78,41,57,9.37,broken clouds
82,Tuktoyaktuk,CA,69.4541,-133.0374,47.1,98,100,4.74,light rain
83,Adrar,MR,20.5022,-10.0711,93.72,11,11,10.94,few clouds
84,Gamba,GA,-2.65,10.0,75.76,70,76,6.06,broken clouds
85,Isangel,VU,-19.55,169.2667,72.0,81,48,17.85,scattered clouds
86,Novoselytsya,UA,48.2193,26.2653,65.17,38,36,15.55,scattered clouds
87,Wanning,CN,18.8003,110.3967,87.87,75,78,13.29,broken clouds
88,Chernyshevskiy,RU,63.0128,112.4714,59.09,80,100,4.99,overcast clouds
89,Pilar,BR,-9.5972,-35.9567,73.33,90,95,5.23,overcast clouds
90,Cape Town,ZA,-33.9258,18.4232,62.28,71,0,8.01,clear sky
91,Chokurdakh,RU,70.6333,147.9167,46.74,37,14,15.55,few clouds
92,Tournon-Sur-Rhone,FR,45.0667,4.8333,79.27,43,0,11.5,clear sky
93,Yulara,AU,-25.2406,130.9889,67.91,14,3,5.46,clear sky
94,New Norfolk,AU,-42.7826,147.0587,44.1,85,74,4.0,light rain
95,Georgetown,MY,5.4112,100.3354,89.53,66,20,6.91,few clouds
96,Killybegs,IE,54.6333,-8.45,64.22,75,100,6.53,overcast clouds
97,Marinette,US,45.1,-87.6307,63.09,94,0,0.0,clear sky
98,Faya,SA,18.3851,42.4509,84.72,19,14,7.61,few clouds
99,Cape Canaveral,US,28.4058,-80.6048,80.01,90,40,3.44,scattered clouds
100,Avarua,CK,-21.2078,-159.775,71.65,83,75,10.36,moderate rain
101,Tukrah,LY,32.5341,20.5791,83.39,53,0,10.67,clear sky
102,Aklavik,CA,68.2191,-135.0107,55.29,80,99,5.14,overcast clouds
103,Noumea,NC,-22.2763,166.4572,64.38,72,9,12.57,clear sky
104,Lakes Entrance,AU,-37.8811,147.981,50.16,76,87,12.8,light rain
105,Ahuimanu,US,21.4447,-157.8378,78.51,90,100,13.8,moderate rain
106,Gwadar,PK,25.1216,62.3254,89.67,71,100,9.17,overcast clouds
107,Ambilobe,MG,-13.2,49.05,86.58,33,8,14.2,clear sky
108,Hilo,US,19.7297,-155.09,80.28,97,100,4.0,moderate rain
109,Chicama,PE,-7.8447,-79.1469,57.74,89,41,3.65,scattered clouds
110,Sulangan,PH,11.1373,123.7228,83.84,77,100,8.52,overcast clouds
111,Pacific Grove,US,36.6177,-121.9166,57.31,91,100,9.22,overcast clouds
112,Port Elizabeth,ZA,-33.918,25.5701,75.09,33,1,13.98,clear sky
113,Rio Grande,BR,-32.035,-52.0986,46.94,84,76,16.8,broken clouds
114,Bayburt,TR,40.2589,40.2278,70.43,54,19,4.63,few clouds
115,Punta Arenas,CL,-53.15,-70.9167,30.31,93,100,8.05,overcast clouds
116,Castro,BR,-24.7911,-50.0119,59.9,88,100,5.79,overcast clouds
117,Katherine,AU,-14.4667,132.2667,82.72,30,89,9.22,overcast clouds
118,Waspan,NI,14.7419,-83.9717,72.93,98,32,2.48,scattered clouds
119,Dingle,PH,10.9995,122.6711,83.43,81,100,5.19,overcast clouds
120,Sao Filipe,CV,14.8961,-24.4956,74.68,86,8,9.84,clear sky
121,Kilosa,TZ,-6.8333,36.9833,77.11,47,51,8.01,broken clouds
122,Hamilton,US,39.1834,-84.5333,79.75,77,0,8.05,clear sky
123,Andros Town,BS,24.7,-77.7667,80.56,77,100,17.56,overcast clouds
124,Shahrud,IR,36.4182,54.9763,91.58,11,0,15.66,clear sky
125,Bethel,US,41.3712,-73.414,71.96,90,75,0.0,broken clouds
126,Mount Gambier,AU,-37.8333,140.7667,46.45,73,69,11.74,light rain
127,Abeche,TD,13.8292,20.8324,79.34,71,89,6.08,overcast clouds
128,Portland,US,45.5234,-122.6762,64.62,71,75,11.5,broken clouds
129,Laguna,US,38.421,-121.4238,83.32,50,0,5.75,clear sky
130,Cidreira,BR,-30.1811,-50.2056,53.76,80,6,21.59,clear sky
131,Iqaluit,CA,63.7506,-68.5145,47.7,87,100,1.5,overcast clouds
132,Hithadhoo,MV,-0.6,73.0833,84.69,69,78,12.35,broken clouds
133,Hermanus,ZA,-34.4187,19.2345,67.8,54,0,6.85,clear sky
134,Arraial Do Cabo,BR,-22.9661,-42.0278,69.73,79,99,14.25,overcast clouds
135,Katsuura,JP,35.1333,140.3,79.29,88,9,16.24,clear sky
136,Camacha,PT,33.0833,-16.3333,67.42,78,20,10.36,few clouds
137,Hasaki,JP,35.7333,140.8333,84.29,87,1,18.05,clear sky
138,Kodiak,US,57.79,-152.4072,53.11,94,100,4.61,overcast clouds
139,Hervey Bay,AU,-25.2986,152.8535,66.2,66,91,3.09,overcast clouds
140,Hay River,CA,60.8156,-115.7999,60.78,77,56,5.75,broken clouds
141,Ilulissat,GL,69.2167,-51.1,44.62,87,64,3.44,broken clouds
142,Rawson,AR,-43.3002,-65.1023,38.53,59,84,12.57,broken clouds
143,Barranca,PE,-10.75,-77.7667,60.31,84,100,8.88,overcast clouds
144,Bako,ET,5.7833,36.5667,73.17,58,92,1.81,overcast clouds
145,Lucea,JM,18.451,-78.1736,75.85,83,75,10.47,broken clouds
146,Monrovia,LR,6.3005,-10.7969,74.97,84,93,11.21,light rain
147,Nipawin,CA,53.3668,-104.0009,66.24,94,0,5.75,clear sky
148,Sinnamary,GF,5.3833,-52.95,75.42,90,35,4.65,scattered clouds
149,Cayenne,GF,4.9333,-52.3333,78.1,1,0,0.0,clear sky
150,Pervomayskoye,RU,43.919,46.7102,96.49,24,0,14.79,clear sky
151,Ishigaki,JP,24.3448,124.1572,89.73,79,75,9.22,broken clouds
152,Walajapet,IN,12.9333,79.3833,90.05,47,100,12.12,overcast clouds
153,Torbay,CA,47.6666,-52.7314,56.88,85,20,6.91,few clouds
154,Mackay,AU,-21.15,149.2,65.68,85,8,9.66,clear sky
155,Liverpool,GB,53.4106,-2.9779,74.52,67,20,5.75,few clouds
156,Kristinehamn,SE,59.3098,14.1081,57.76,41,100,1.86,overcast clouds
157,Lovington,US,32.944,-103.3485,78.03,43,0,1.01,clear sky
158,Sovetskiy,RU,61.3614,63.5842,76.35,34,100,3.38,overcast clouds
159,Ancud,CL,-41.8697,-73.8203,44.22,87,100,9.44,light rain
160,Kahului,US,20.8947,-156.47,77.02,80,0,19.57,clear sky
161,Chuy,UY,-33.6971,-53.4616,44.49,88,46,10.76,scattered clouds
162,Praia Da Vitoria,PT,38.7333,-27.0667,70.05,88,75,8.81,broken clouds
163,Mersing,MY,2.4312,103.8405,87.71,79,40,14.97,scattered clouds
164,Kibaya,TZ,-5.3,36.5667,66.45,49,47,7.94,scattered clouds
165,Namatanai,PG,-3.6667,152.4333,80.58,79,17,10.63,light rain
166,Lafiagi,NG,8.8667,5.4167,75.74,85,100,3.8,overcast clouds
167,Mataura,NZ,-46.1927,168.8643,48.47,83,70,4.52,broken clouds
168,Strezhevoy,RU,60.7333,77.5889,71.08,42,76,10.94,broken clouds
169,Pisco,PE,-13.7,-76.2167,54.01,87,3,5.75,mist
170,Saucillo,MX,28.0167,-105.2833,80.53,39,98,11.63,overcast clouds
171,Basudebpur,IN,21.1353,86.7386,88.07,70,43,15.84,scattered clouds
172,Opuwo,NA,-18.0607,13.84,62.94,34,0,16.11,clear sky
173,Norman Wells,CA,65.282,-126.8329,60.84,88,75,4.61,light intensity shower rain
174,Merauke,ID,-8.4667,140.3333,77.5,82,97,16.49,overcast clouds
175,San Patricio,US,28.017,-97.5169,82.27,85,0,8.86,clear sky
176,Barrow,US,71.2906,-156.7887,35.62,87,20,13.8,few clouds
177,Vardo,NO,70.3705,31.1107,57.18,82,75,11.5,broken clouds
178,Namie,JP,37.4833,141.0,83.71,80,97,8.16,light rain
179,Miranda De Ebro,ES,42.6865,-2.947,90.82,33,2,3.29,clear sky
180,Narrabri,AU,-30.3167,149.7833,55.8,80,99,5.93,overcast clouds
181,Tautira,PF,-17.7333,-149.15,75.54,73,60,22.01,light rain
182,Tasiilaq,GL,65.6145,-37.6368,46.56,77,90,4.54,overcast clouds
183,Kavaratti,IN,10.5669,72.642,81.43,83,71,16.89,light rain
184,Zhangye,CN,38.9342,100.4517,84.92,20,90,4.52,overcast clouds
185,Katobu,ID,-4.9408,122.5276,82.74,66,76,5.99,broken clouds
186,Airai,TL,-8.9266,125.4092,63.86,75,82,3.29,broken clouds
187,Bandarbeyla,SO,9.4942,50.8122,89.06,43,68,35.54,broken clouds
188,Shambu,ET,9.5667,37.1,56.03,87,100,1.77,light rain
189,Pitimbu,BR,-7.4706,-34.8086,73.99,87,81,12.95,broken clouds
190,Tiksi,RU,71.6872,128.8694,39.94,72,100,4.7,overcast clouds
191,Talara,PE,-4.5772,-81.2719,62.71,81,6,15.95,clear sky
192,Kharp,RU,66.8014,65.8081,72.03,41,7,5.61,clear sky
193,Padang,ID,-0.9492,100.3543,86.05,64,6,5.32,clear sky
194,Victoria,HK,22.2855,114.1577,91.45,75,100,17.0,overcast clouds
195,Meulaboh,ID,4.1363,96.1285,85.46,68,20,6.33,few clouds
196,Huai Thalaeng,TH,14.997,102.6475,86.36,61,100,6.91,overcast clouds
197,Tarakan,ID,3.3,117.6333,81.9,78,75,3.44,broken clouds
198,The Pas,CA,53.8251,-101.2541,68.02,100,0,6.91,clear sky
199,Evensk,RU,61.95,159.2333,50.54,97,100,5.93,overcast clouds
200,Narsaq,GL,60.9167,-46.05,44.82,79,98,2.28,overcast clouds
201,Varhaug,NO,58.6147,5.6457,56.86,82,100,3.87,overcast clouds
202,Los Llanos De Aridane,ES,28.6585,-17.9182,67.75,90,40,12.66,scattered clouds
203,Mar Del Plata,AR,-38.0023,-57.5575,40.08,77,0,10.36,clear sky
204,Axim,GH,4.8699,-2.2405,75.97,79,100,8.08,overcast clouds
205,Razole,IN,16.4833,81.8333,78.4,87,100,7.31,overcast clouds
206,Vagur,FO,61.4732,-6.8119,51.17,84,97,24.63,overcast clouds
207,Longhua,CN,23.6137,114.1919,90.12,66,100,6.44,overcast clouds
208,Caravelas,BR,-17.7125,-39.2481,68.86,93,17,4.47,few clouds
209,Porto Novo,BJ,6.4965,2.6036,76.8,84,100,7.9,light rain
210,Tuatapere,NZ,-46.1333,167.6833,48.52,84,18,10.58,few clouds
211,Cabo San Lucas,MX,22.8909,-109.9124,79.52,46,28,4.0,scattered clouds
212,Derzhavinsk,KZ,51.1,66.3167,81.27,45,57,13.38,broken clouds
213,Kaitangata,NZ,-46.2817,169.8464,42.26,85,38,5.68,scattered clouds
214,Zhicheng,CN,30.2956,111.5047,88.88,75,100,9.08,overcast clouds
215,Yining,CN,29.0361,114.5636,76.69,95,100,3.94,overcast clouds
216,Margate,GB,51.3813,1.3862,73.87,52,55,9.08,broken clouds
217,Kosino,RU,58.4127,51.2782,69.89,63,93,2.57,overcast clouds
218,Half Moon Bay,US,37.4636,-122.4286,64.31,86,100,14.97,mist
219,Pulaski,US,34.7668,-92.3001,84.0,73,75,6.91,broken clouds
220,Carballo,ES,43.213,-8.691,78.22,55,79,1.97,broken clouds
221,Abu Samrah,SY,35.3029,37.1841,89.49,26,0,9.89,clear sky
222,Lazaro Cardenas,MX,17.9583,-102.2,77.72,89,100,5.7,overcast clouds
223,Tazovskiy,RU,67.4667,78.7,63.59,45,100,13.65,overcast clouds
224,Winslow,US,35.0242,-110.6974,84.38,26,75,21.85,broken clouds
225,Chupa,RU,66.27,33.0549,68.7,44,88,8.72,overcast clouds
226,Dikson,RU,73.5069,80.5464,45.95,75,59,8.99,broken clouds
227,Plettenberg Bay,ZA,-34.0527,23.3716,75.81,29,0,18.57,clear sky
228,Sinop,TR,41.7711,34.8709,72.03,51,25,8.81,scattered clouds
229,Tsabong,BW,-26.0217,22.401,60.58,42,0,13.29,clear sky
230,Yaan,NG,7.3833,8.5667,74.35,85,100,7.07,overcast clouds
231,Wageningen,NL,51.9667,5.6667,67.95,57,40,3.44,scattered clouds
232,Stephenville,US,32.2207,-98.2023,84.87,60,40,7.0,scattered clouds
233,Najran,SA,17.4924,44.1277,99.25,10,19,15.97,few clouds
234,Longyearbyen,SJ,78.2186,15.6401,51.64,71,0,10.36,clear sky
235,Manyana,BW,-23.4,21.7167,58.3,47,0,11.95,clear sky
236,Clyde River,CA,70.4692,-68.5914,34.03,100,100,6.91,mist
237,Idrinskoye,RU,54.3708,92.1358,72.01,63,89,9.04,light rain
238,Turtas,RU,58.9417,69.1325,74.95,33,0,5.75,clear sky
239,Taoudenni,ML,22.6783,-3.9836,98.85,15,98,4.88,overcast clouds
240,Skjervoy,NO,70.0311,20.9714,50.0,92,100,7.74,light rain
241,Parrita,CR,9.5201,-84.3225,75.81,86,47,4.54,scattered clouds
242,Rockhampton,AU,-23.3833,150.5,67.89,64,100,3.44,overcast clouds
243,Sorland,NO,67.667,12.6934,49.86,78,100,7.9,overcast clouds
244,Faanui,PF,-16.4833,-151.75,77.77,70,9,19.44,light rain
245,Hobyo,SO,5.3505,48.5268,84.33,54,57,28.41,broken clouds
246,Issoire,FR,45.55,3.25,70.86,33,9,1.59,clear sky
247,Joshimath,IN,30.5667,79.5667,82.36,66,70,8.12,broken clouds
248,Hami,CN,42.8,93.45,89.08,23,26,1.57,scattered clouds
249,Fare,PF,-16.7,-151.0167,76.62,74,10,20.38,light rain
250,Moissala,TD,8.3404,17.7663,73.27,89,100,3.13,overcast clouds
251,Peniche,PT,39.3558,-9.3811,72.28,77,1,3.47,clear sky
252,Halifax,CA,44.6453,-63.5724,62.49,88,100,1.01,overcast clouds
253,Topeka,US,39.0483,-95.678,78.08,93,75,8.05,mist
254,Moron,AR,-34.6534,-58.6198,39.96,86,0,6.46,clear sky
255,Luanda,AO,-8.8368,13.2343,69.98,78,7,5.03,clear sky
256,La Libertad,EC,-2.2333,-80.9,67.55,86,100,7.74,overcast clouds
257,Coihaique,CL,-45.5752,-72.0662,34.41,93,0,5.75,clear sky
258,Saint-Prosper,CA,46.2117,-70.4811,55.69,97,87,4.47,overcast clouds
259,Fairbanks,US,64.8378,-147.7164,62.31,80,100,4.61,moderate rain
260,Inverell,AU,-29.7833,151.1167,54.16,73,96,5.53,overcast clouds
261,Bubaque,GW,11.2833,-15.8333,80.87,82,100,13.0,overcast clouds
262,Havre-Saint-Pierre,CA,50.2334,-63.5986,53.96,94,100,2.3,overcast clouds
263,Solnechnyy,RU,50.7214,136.6319,73.4,56,83,3.91,broken clouds
264,Oranmore,IE,53.2683,-8.92,65.34,69,100,9.06,overcast clouds
265,Sajanan,TN,37.0573,9.2426,85.12,33,0,3.29,clear sky
266,Listvyanskiy,RU,54.4399,83.4984,72.66,56,84,13.33,light rain
267,Neuquen,AR,-38.9516,-68.0591,44.08,47,100,10.65,overcast clouds
268,Carbonia,IT,39.1672,8.5222,86.95,37,0,3.74,clear sky
269,Tarauaca,BR,-8.1614,-70.7656,70.66,99,24,0.94,few clouds
270,Nome,US,64.5011,-165.4064,55.47,58,0,6.91,clear sky
271,Walvis Bay,NA,-22.9575,14.5053,83.35,18,0,25.32,clear sky
272,Mayor Pablo Lagerenza,PY,-19.9309,-60.7718,53.74,68,100,5.23,overcast clouds
273,Yelizovo,RU,53.1873,158.3805,66.34,77,20,11.18,few clouds
274,Luba,GQ,3.4568,8.5547,82.29,82,100,6.22,light rain
275,Port Blair,IN,11.6667,92.75,86.04,74,75,10.36,moderate rain
276,College,US,64.8569,-147.8028,62.29,79,75,4.61,broken clouds
277,Sola,VU,-13.8833,167.55,80.49,78,49,25.64,scattered clouds
278,Van,TR,38.4924,43.3831,85.35,30,20,6.91,few clouds
279,Saint George,US,37.1041,-113.5841,93.25,25,0,5.01,clear sky
280,Ulladulla,AU,-35.35,150.4667,56.75,55,20,9.48,few clouds
281,Bati,ET,11.1833,40.0167,79.34,37,100,3.06,overcast clouds
282,Bairiki,KI,1.3292,172.9752,78.8,83,75,9.22,moderate rain
283,May Pen,JM,17.9645,-77.2451,79.81,90,2,3.58,clear sky
284,Oranjestad,AW,12.524,-70.027,80.76,86,81,21.92,broken clouds
285,Itarema,BR,-2.9248,-39.9167,76.26,81,77,14.2,broken clouds
286,Christchurch,NZ,-43.5333,172.6333,43.92,66,100,1.14,overcast clouds
287,Leningradskiy,RU,69.3833,178.4167,39.63,91,100,6.96,light rain
288,Solginskiy,RU,61.05,41.3428,64.89,65,79,6.46,light rain
289,Garowe,SO,8.4054,48.4845,86.65,39,19,34.54,few clouds
290,Richards Bay,ZA,-28.783,32.0377,71.01,57,0,10.33,clear sky
291,Altus,US,34.6381,-99.334,82.96,52,0,8.05,clear sky
292,Fourmies,FR,50.0153,4.0478,70.38,33,9,5.99,clear sky
293,Whitehorse,CA,60.7161,-135.0538,51.03,87,100,13.8,light intensity shower rain
294,Bend,US,44.0582,-121.3153,61.48,74,0,1.01,clear sky
295,Bengbu,CN,32.9408,117.3608,85.3,73,38,14.97,scattered clouds
296,Ca Mau,VN,9.1769,105.15,87.51,62,75,11.63,broken clouds
297,Ahmadpur,IN,18.7,76.9333,82.83,66,100,13.31,overcast clouds
298,Luderitz,NA,-26.6481,15.1594,71.53,29,0,9.82,clear sky
299,Ust-Nera,RU,64.5667,143.2,77.36,53,100,3.62,overcast clouds
300,Necochea,AR,-38.5473,-58.7368,38.95,63,6,15.48,clear sky
301,Taltal,CL,-25.4,-70.4833,54.73,58,0,3.36,clear sky
302,Kruisfontein,ZA,-34.0033,24.7314,72.88,24,0,17.02,clear sky
303,Neiafu,TO,-18.65,-173.9833,78.8,66,0,19.89,clear sky
304,Gopalpur,IN,19.2667,84.9167,80.74,87,100,12.41,heavy intensity rain
305,Xuddur,SO,4.1213,43.8894,81.73,41,99,26.6,overcast clouds
306,Saint-Augustin,CA,51.226,-58.6502,56.44,82,99,4.29,overcast clouds
307,Tarabha,IN,20.7333,83.65,84.16,78,89,7.61,overcast clouds
308,Srednekolymsk,RU,67.45,153.6833,58.05,39,62,17.58,broken clouds
309,Kattivakkam,IN,13.2167,80.3167,91.49,70,100,14.09,light rain
310,Yinchuan,CN,38.4681,106.2731,89.71,15,97,8.43,overcast clouds
311,Vila Franca Do Campo,PT,37.7167,-25.4333,71.2,89,59,5.12,broken clouds
312,Iberia,US,29.9502,-91.7507,78.87,87,2,0.43,clear sky
313,Monterey,US,36.2505,-121.2516,72.18,30,0,5.68,clear sky
314,Moshupa,BW,-24.7782,25.4155,56.97,56,0,5.3,clear sky
315,Wolmirstedt,DE,52.25,11.6333,62.78,55,85,7.29,overcast clouds
316,Prince Rupert,CA,54.3161,-130.3201,53.29,92,0,6.91,clear sky
317,Camacupa,AO,-12.0167,17.4833,62.62,38,21,7.18,few clouds
318,Salym,RU,60.0625,71.4789,75.6,32,8,11.39,clear sky
319,Viru,PE,-8.4167,-78.75,61.63,83,22,2.55,few clouds
320,Kudahuvadhoo,MV,2.6708,72.8944,81.63,73,96,1.79,overcast clouds
321,Kalmunai,LK,7.4167,81.8167,88.97,56,100,10.0,overcast clouds
322,Arsikere,IN,13.3139,76.2561,79.11,64,100,18.41,overcast clouds
323,Hudson Bay,CA,52.85,-102.3842,68.0,88,0,7.2,clear sky
324,Addison,US,41.9317,-87.989,70.74,90,75,8.05,broken clouds
325,Spirit River,CA,55.7833,-118.8361,52.23,61,18,7.31,few clouds
326,Capljina,BA,43.1214,17.6844,91.54,35,17,9.28,few clouds
327,Terrace,CA,54.5163,-128.6035,57.11,88,75,6.91,broken clouds
328,Sioux Falls,US,43.55,-96.7003,66.09,94,0,0.0,clear sky
329,Onufriyivka,UA,48.9072,33.4487,59.22,92,100,10.96,moderate rain
330,Comodoro Rivadavia,AR,-45.8667,-67.5,39.06,65,0,14.97,clear sky
331,Tuy Hoa,VN,13.0833,109.3,90.7,62,77,7.54,broken clouds
332,Husavik,IS,66.0449,-17.3389,46.69,98,100,8.72,overcast clouds
333,Xining,CN,36.6167,101.7667,54.43,84,100,1.83,overcast clouds
334,Mogok,MM,22.9167,96.5,80.53,64,100,3.98,overcast clouds
335,Vao,NC,-22.6667,167.4833,69.4,64,100,21.56,overcast clouds
336,Bambous Virieux,MU,-20.3428,57.7575,72.21,94,75,11.5,light rain
337,Santa Rosa,PH,14.3122,121.1114,87.03,69,100,4.63,overcast clouds
338,Muisne,EC,0.6,-80.0333,73.31,88,99,6.51,overcast clouds
339,Beloha,MG,-25.1667,45.05,76.75,47,0,17.29,clear sky
340,Viedma,AR,-40.8135,-62.9967,35.64,73,40,11.97,scattered clouds
341,Alofi,NU,-19.0595,-169.9187,75.09,78,16,10.36,few clouds
342,Wairoa,NZ,-39.0333,177.3667,45.55,80,3,1.01,clear sky
343,Satka,RU,55.0425,59.04,74.41,58,50,9.95,scattered clouds
344,Nelson Bay,AU,-32.7167,152.15,64.09,59,2,8.99,clear sky
345,Tessalit,ML,20.1986,1.0114,90.66,39,58,16.62,broken clouds
346,Prescott,US,34.54,-112.4685,77.36,45,0,4.0,clear sky
347,Kerrville,US,30.0474,-99.1403,78.55,76,75,3.44,broken clouds
348,Tura,IN,25.5198,90.2201,89.49,59,24,6.44,few clouds
349,Mandalgovi,MN,45.7625,106.2708,78.21,21,100,6.91,overcast clouds
350,Strzelce Krajenskie,PL,52.8773,15.5298,61.59,57,95,11.05,overcast clouds
351,Berlevag,NO,70.8578,29.0864,55.35,82,75,10.36,broken clouds
352,Jalu,LY,29.0331,21.5482,88.29,25,0,8.61,clear sky
353,Sampit,ID,-2.5333,112.95,77.43,75,93,3.56,overcast clouds
354,Panama City,PA,8.9936,-79.5197,79.45,81,100,3.87,overcast clouds
355,Tahoua,NE,14.8888,5.2692,80.98,67,100,10.31,overcast clouds
356,Warwick,US,41.7001,-71.4162,71.1,88,100,0.0,overcast clouds
357,Kisangani,CD,0.5167,25.2,79.57,71,96,0.89,overcast clouds
358,Marsa Matruh,EG,31.3525,27.2453,82.6,65,0,5.75,clear sky
359,Filadelfia,US,39.9523,-75.1638,71.96,95,100,1.01,overcast clouds
360,Mehamn,NO,71.0357,27.8492,55.31,82,100,12.66,overcast clouds
361,Tucumcari,US,35.1717,-103.725,78.64,31,0,4.61,clear sky
362,Hof,DE,50.3167,11.9167,70.48,47,0,3.44,clear sky
363,Bondo,CD,3.8146,23.6866,76.59,81,100,0.65,overcast clouds
364,Bereznik,RU,62.8551,42.7072,70.18,46,69,4.41,broken clouds
365,Novara,IT,45.5853,8.5778,84.38,52,20,10.36,few clouds
366,Saiha,IN,22.4833,92.9667,84.88,72,42,0.92,scattered clouds
367,Mantua,IT,45.1667,10.7833,87.04,58,16,10.0,few clouds
368,Bathsheba,BB,13.2167,-59.5167,81.21,92,75,21.85,broken clouds
369,Labuhan,ID,-6.8844,112.2051,81.61,75,100,8.57,light rain
370,Mahibadhoo,MV,3.7833,72.9667,82.26,73,92,6.02,heavy intensity rain
371,Atar,MR,20.5169,-13.0499,95.34,10,20,13.78,few clouds
372,Veraval,IN,20.9,70.3667,84.04,79,100,17.47,overcast clouds
373,Kurumkan,RU,54.3,110.3,75.61,44,20,2.86,few clouds
374,Shu,KZ,43.5983,73.7614,101.84,9,29,10.02,scattered clouds
375,Ribeira Grande,PT,38.5167,-28.7,70.2,88,40,6.91,scattered clouds
376,Kirando,TZ,-7.4167,30.6,76.96,49,1,14.2,clear sky
377,Shingu,JP,33.7333,135.9833,82.74,73,100,7.4,overcast clouds
378,Mitoc,RO,48.1,27.0333,65.7,43,61,14.81,broken clouds
379,Muzaffarabad,PK,34.37,73.4711,92.17,49,31,5.91,scattered clouds
380,Port-Cartier,CA,50.0334,-66.8654,55.74,90,86,4.65,overcast clouds
381,Cuenca,EC,-2.8833,-78.9833,52.88,95,100,2.93,overcast clouds
382,Maua,BR,-23.6678,-46.4614,71.89,55,100,7.85,overcast clouds
383,Cherskiy,RU,68.75,161.3,41.41,45,45,20.78,scattered clouds
384,Ushtobe,KZ,45.2514,77.9838,101.91,10,3,14.72,clear sky
385,Cockburn Town,TC,21.4612,-71.1419,81.43,86,4,21.94,clear sky
386,Nagayo,JP,32.8242,129.8861,81.75,74,75,2.3,broken clouds
387,Aripuana,BR,-9.1667,-60.6333,74.64,64,36,1.54,scattered clouds
388,Pangnirtung,CA,66.1451,-65.7125,47.26,69,100,1.05,overcast clouds
389,Kupang,ID,-10.1667,123.5833,80.56,65,19,13.22,few clouds
390,Alindao,CF,5.0267,21.2088,72.91,91,100,1.32,overcast clouds
391,Algiers,DZ,36.7525,3.042,80.42,61,0,6.17,clear sky
392,Skibbereen,IE,51.55,-9.2667,66.11,83,100,7.45,overcast clouds
393,Southampton,GB,50.904,-1.4043,74.61,60,0,5.75,clear sky
394,Jepelacio,PE,-6.1167,-76.95,61.41,99,42,0.69,scattered clouds
395,Pedreira,BR,-22.7419,-46.9014,66.87,57,100,4.12,overcast clouds
396,Jha Jha,IN,24.7667,86.3667,97.02,45,76,18.32,broken clouds
397,Grindavik,IS,63.8424,-22.4338,50.47,93,75,6.91,broken clouds
398,Chanika,TZ,-5.4167,38.0167,75.81,48,70,10.29,broken clouds
399,Komsomolskiy,UZ,40.4272,71.7189,99.32,14,0,6.91,clear sky
400,Astoria,US,46.1879,-123.8313,58.93,82,100,8.05,overcast clouds
401,Barabinsk,RU,55.3571,78.357,67.68,59,51,12.95,broken clouds
402,Talnakh,RU,69.4865,88.3972,69.21,40,100,14.2,overcast clouds
403,Tinaquillo,VE,9.9186,-68.3047,70.54,96,100,2.46,overcast clouds
404,Boysun,UZ,38.2061,67.1986,95.47,11,0,7.7,clear sky
405,Trairi,BR,-3.2778,-39.2689,74.52,83,57,10.04,broken clouds
406,Bilma,NE,18.6853,12.9164,92.53,34,11,4.18,few clouds
407,Kargopol,RU,61.5071,38.9456,64.45,54,100,5.97,overcast clouds
408,Luwuk,ID,-0.9516,122.7875,81.39,78,85,7.36,overcast clouds
409,Salisbury,GB,51.0693,-1.7957,75.56,61,50,10.36,scattered clouds
410,Aksu,CN,41.1231,80.2644,92.26,17,2,4.36,clear sky
411,Arlit,NE,18.7369,7.3853,88.47,39,2,2.1,clear sky
412,Heze,CN,35.2431,115.4411,91.63,50,12,11.77,few clouds
413,Bourail,NC,-21.5667,165.4833,65.79,74,5,5.91,clear sky
414,Malakal,SS,9.5334,31.6605,83.66,63,91,2.8,overcast clouds
415,Changji,CN,44.0167,87.3167,97.59,14,20,8.95,few clouds
416,Westport,US,41.1415,-73.3579,75.09,94,100,0.0,overcast clouds
417,Kangaatsiaq,GL,68.3065,-53.4641,40.62,85,22,7.4,few clouds
418,Alanya,TR,36.5438,31.9998,87.93,43,0,6.73,clear sky
419,Ostrovnoy,RU,68.0531,39.5131,67.6,55,2,10.67,clear sky
420,Dukat,RU,62.55,155.55,67.75,65,99,10.85,overcast clouds
421,Biltine,TD,14.5333,20.9167,83.68,59,29,9.69,scattered clouds
422,Zhuzhou,CN,27.8333,113.15,91.53,89,100,5.46,overcast clouds
423,Urucui,BR,-7.2294,-44.5561,68.56,63,50,3.62,scattered clouds
424,Hattiesburg,US,31.3271,-89.2903,72.45,97,0,0.0,mist
425,Tilichiki,RU,60.4667,166.1,55.2,89,100,6.04,overcast clouds
426,Sibiti,CG,-3.6819,13.3499,68.85,77,100,1.77,overcast clouds
427,Dabou,CI,5.3256,-4.3769,75.99,86,100,10.04,light rain
428,Pontianak,ID,-0.0333,109.3333,87.78,62,40,3.44,scattered clouds
429,Lagoa,PT,39.05,-27.9833,70.02,87,100,11.88,overcast clouds
430,Tambacounda,SN,13.7539,-13.7586,82.45,78,20,9.22,few clouds
431,Mabaruma,GY,8.2,-59.7833,71.37,100,23,2.82,few clouds
432,Umm Kaddadah,SD,13.6017,26.6876,86.86,43,86,11.23,overcast clouds
433,Goderich,CA,43.7501,-81.7165,64.9,77,100,4.61,overcast clouds
434,Luang Prabang,LA,19.8856,102.1347,96.76,56,75,6.91,broken clouds
435,Formosa Do Rio Preto,BR,-11.0483,-45.1931,61.52,58,0,2.66,clear sky
436,Olafsvik,IS,64.8945,-23.7142,50.5,89,84,6.08,broken clouds
437,Kolpashevo,RU,58.3131,82.9089,60.17,81,100,5.79,light rain
438,Arak,IR,34.0917,49.6892,88.56,15,0,11.5,clear sky
439,Ixtapa,MX,20.7,-105.2,79.83,78,75,1.01,broken clouds
440,Mount Hagen,PG,-5.8581,144.2274,68.76,78,40,10.36,haze
441,Anapolis,BR,-16.3267,-48.9528,58.6,67,0,5.75,clear sky
442,Agadir,MA,30.4202,-9.5982,70.25,74,21,4.63,few clouds
443,Port Alberni,CA,49.2413,-124.8028,58.84,87,100,1.99,overcast clouds
444,Ruteng,ID,-8.6136,120.4721,65.14,84,90,0.81,overcast clouds
445,Lorengau,PG,-2.0226,147.2712,83.52,74,96,8.32,overcast clouds
446,Ewa Beach,US,21.3156,-158.0072,78.75,81,75,13.8,broken clouds
447,Antofagasta,CL,-23.65,-70.4,52.88,70,0,5.79,clear sky
448,Gasa,PS,31.5,34.4667,88.88,53,0,8.48,clear sky
449,Hare Bay,CA,48.8499,-54.0148,55.0,89,79,4.7,broken clouds
450,Nassau,US,40.7507,-73.5829,75.07,78,100,5.75,overcast clouds
451,Kirakira,SB,-10.4544,161.9205,79.54,83,18,10.58,few clouds
452,Fortuna,US,40.5982,-124.1573,58.98,88,29,1.01,scattered clouds
453,San Luis,AR,-33.295,-66.3356,36.61,52,0,8.79,clear sky
454,Hofn,IS,64.2539,-15.2082,51.82,82,75,5.75,broken clouds
455,Baherden,TM,38.4362,57.4316,106.36,8,0,13.69,clear sky
456,Poole,GB,50.7167,-2.0,75.38,68,0,9.22,clear sky
457,Mount Isa,AU,-20.7333,139.5,74.97,29,0,4.61,clear sky
458,Kuandian,CN,40.7286,124.7847,76.26,85,20,7.4,few clouds
459,Kemijarvi,FI,66.7131,27.4306,64.42,53,34,5.26,scattered clouds
460,Muriti,TZ,-1.9833,32.9167,72.54,58,15,14.47,few clouds
461,Flinders,AU,-34.5833,150.8552,62.38,45,4,8.03,clear sky
462,Grand Gaube,MU,-20.0064,57.6608,72.37,70,42,11.99,scattered clouds
463,Omsukchan,RU,62.5333,155.8,68.61,71,90,10.0,light rain
464,Middelburg,ZA,-25.7751,29.4648,54.57,44,0,1.88,clear sky
465,Urrao,CO,6.3152,-76.1342,57.06,98,100,1.25,moderate rain
466,San Quintin,MX,30.4833,-115.95,67.32,86,60,7.14,broken clouds
467,San Rafael,AR,-34.6177,-68.3301,39.27,38,46,7.54,scattered clouds
468,Salcininkai,LT,54.3,25.3833,59.09,91,100,6.42,overcast clouds
469,Mananjary,MG,-21.2167,48.3333,73.33,60,73,11.56,broken clouds
470,Madona,LV,56.8533,26.217,63.45,53,18,8.5,few clouds
471,Souillac,MU,-20.5167,57.5167,68.38,94,75,11.5,light rain
472,Red Bluff,US,40.1785,-122.2358,79.48,31,0,3.44,clear sky
473,Sulya,IN,12.5667,75.3833,80.6,84,100,5.32,heavy intensity rain
474,Port Hardy,CA,50.6996,-127.4199,51.8,93,20,2.3,few clouds
475,Registro,BR,-24.4875,-47.8436,72.93,51,100,2.98,overcast clouds
476,Payson,US,40.0444,-111.7321,79.27,44,0,4.61,clear sky
477,Ndele,CF,8.4109,20.6473,75.65,89,96,4.9,light rain
478,Marsaxlokk,MT,35.8419,14.5431,88.41,40,0,4.61,clear sky
479,Deventer,NL,52.25,6.15,68.11,65,48,1.3,scattered clouds
480,Ketchikan,US,55.3422,-131.6461,53.58,93,0,0.0,clear sky
481,Belaya Gora,RU,68.5333,146.4167,58.59,41,99,12.28,overcast clouds
482,Matay,EG,28.419,30.7792,88.56,32,0,14.12,clear sky
483,Road Town,VG,18.4167,-64.6167,80.69,78,0,20.54,clear sky
484,Eureka,US,40.8021,-124.1637,59.25,86,12,3.0,few clouds
485,Borovsk,RU,55.2064,36.4861,66.38,64,81,1.5,light rain
486,Waynesville,US,35.4887,-82.9887,66.85,90,4,1.99,clear sky
487,Artvin,TR,41.1667,41.8333,73.22,77,90,4.83,overcast clouds
488,Tupik,RU,54.4253,119.9327,74.3,76,100,3.53,light rain
489,Zaysan,KZ,47.4667,84.8667,89.04,23,97,11.43,overcast clouds
490,Lasa,IT,46.6166,10.7002,75.69,42,1,0.81,clear sky
491,Samarai,PG,-10.6167,150.6667,79.2,85,24,14.41,few clouds
492,Ramsar,IR,36.9226,50.6426,87.24,66,0,9.22,clear sky
493,Svit,SK,49.0601,20.2069,61.9,44,40,8.05,scattered clouds
494,Harrogate,GB,53.9908,-1.5373,72.16,72,0,2.3,clear sky
495,Josanicka Banja,RS,43.3895,20.7503,74.5,42,53,4.97,broken clouds
496,Konevo,RU,62.1215,39.3192,65.66,52,100,6.87,overcast clouds
497,Gunjur,GM,13.2019,-16.7339,80.67,83,75,6.91,broken clouds
498,Mbini,GQ,1.574,9.6134,78.64,80,100,9.78,overcast clouds
499,Salalah,OM,17.0151,54.0924,80.69,83,100,6.91,overcast clouds
500,Morozovsk,RU,48.3539,41.8261,87.91,41,0,9.42,clear sky
501,Bahia Blanca,AR,-38.7196,-62.2724,41.54,50,4,15.99,clear sky
502,Saskylakh,RU,71.9167,114.0833,63.0,46,100,12.17,overcast clouds
503,Carutapera,BR,-1.195,-46.02,74.64,93,15,3.69,few clouds
504,Tocopilla,CL,-22.092,-70.1979,57.81,64,0,8.23,clear sky
505,Mogadishu,SO,2.0371,45.3438,78.67,73,75,17.27,broken clouds
506,Rio Gallegos,AR,-51.6226,-69.2181,30.25,80,0,0.0,clear sky
507,Sangar,RU,63.9242,127.4739,80.11,70,100,1.3,light rain
508,Nortelandia,BR,-14.4547,-56.8028,70.07,59,0,1.7,clear sky
509,Khorixas,NA,-20.3667,14.9667,67.75,27,0,21.92,clear sky
510,Sadove,UA,46.2487,30.1795,77.16,46,0,19.17,clear sky
511,Quang Ngai,VN,15.1167,108.8,91.13,64,85,6.33,overcast clouds
512,Erzurum,TR,40.0,41.5,71.28,42,0,7.56,clear sky
513,Yorba Linda,US,33.8886,-117.8131,79.39,81,0,4.61,clear sky
514,Bakchar,RU,57.0186,82.0711,60.55,61,66,10.51,broken clouds
515,Boende,CD,-0.2167,20.8667,73.58,90,100,0.43,overcast clouds
516,Payyannur,IN,12.1,75.2,82.15,78,100,10.8,moderate rain
517,Vestmannaeyjar,IS,63.4427,-20.2734,50.92,81,20,2.51,few clouds
518,Cumberland,US,35.0502,-78.8664,73.8,92,0,4.61,clear sky
519,Bocaiuva,BR,-17.1078,-43.815,55.11,84,37,3.38,scattered clouds
520,Avanigadda,IN,16.0215,80.9181,87.69,58,100,10.31,heavy intensity rain
521,Pasighat,IN,28.0667,95.3333,90.0,74,71,4.45,broken clouds
522,Hambantota,LK,6.1241,81.1185,93.54,66,40,12.66,scattered clouds
523,Catuday,PH,16.2923,119.8062,83.41,74,100,6.6,overcast clouds
524,Conakry,GN,9.538,-13.6773,77.07,100,75,2.3,thunderstorm with light rain
525,Seoul,KR,37.5683,126.9778,85.39,60,0,9.22,clear sky
526,Juba,SS,4.8517,31.5825,80.17,69,71,0.89,broken clouds
527,Doha,QA,25.2867,51.5333,107.91,51,5,8.05,clear sky
528,Deputatskiy,RU,69.3,139.9,55.72,49,100,4.23,overcast clouds
529,Gazanjyk,TM,39.2446,55.5154,108.93,8,0,16.71,clear sky
530,Kieta,PG,-6.2167,155.6333,78.89,85,58,5.88,light rain
531,Olavarria,AR,-36.8927,-60.3225,34.02,84,5,11.63,clear sky
532,Raudeberg,NO,61.9875,5.1352,54.95,84,100,23.2,light rain
533,Tabou,CI,4.423,-7.3528,75.51,85,100,9.64,overcast clouds
534,Sabang,ID,5.8933,95.3214,83.55,74,47,15.32,scattered clouds
535,Morgan City,US,29.6994,-91.2068,72.0,89,0,0.85,clear sky
536,Luau,AO,-10.7073,22.2247,72.72,30,3,10.4,clear sky
537,Swellendam,ZA,-34.0226,20.4417,72.34,32,3,10.36,clear sky
538,Kapit,MY,2.0167,112.9333,85.21,62,100,3.04,overcast clouds
539,Nuuk,GL,64.1835,-51.7216,43.41,87,75,3.44,broken clouds
540,Astana,KZ,51.1801,71.446,82.35,39,75,24.61,broken clouds
541,Buala,SB,-8.145,159.5921,80.35,81,69,10.07,light rain
542,Kushmurun,KZ,52.4503,64.6311,76.3,61,74,11.01,broken clouds
543,Alyangula,AU,-13.8483,136.4192,73.53,74,65,12.06,broken clouds
544,Menongue,AO,-14.6585,17.691,65.08,33,2,10.36,clear sky
545,Port Hawkesbury,CA,45.6169,-61.3485,67.12,69,0,12.66,clear sky
546,Alugan,PH,12.2188,125.4808,84.11,79,100,3.53,overcast clouds
547,Arman,RU,59.7,150.1667,71.02,87,37,6.91,scattered clouds
548,Pozo Colorado,PY,-23.4923,-58.7972,44.71,94,94,4.61,overcast clouds
549,Tsiroanomandidy,MG,-18.7667,46.0333,73.17,41,2,11.81,clear sky
550,Turukhansk,RU,65.8167,87.9833,64.78,52,98,11.99,overcast clouds
551,Aanekoski,FI,62.6946,25.818,57.85,100,99,6.13,overcast clouds
552,Vanimo,PG,-2.6741,141.3028,77.16,88,100,1.63,overcast clouds
553,Puerto El Triunfo,SV,13.2833,-88.55,77.05,83,100,4.43,overcast clouds
554,Geraldton,AU,-28.7667,114.6,68.41,64,40,12.66,scattered clouds
555,Loukhi,RU,66.0764,33.0381,67.57,44,90,8.08,overcast clouds
556,Progreso,MX,21.2833,-89.6667,77.11,87,88,6.98,overcast clouds
557,Charters Towers,AU,-20.1,146.2667,67.86,54,57,8.52,broken clouds
558,Steamboat Springs,US,40.485,-106.8317,65.7,70,0,0.0,clear sky
559,Eenhana,NA,-17.4667,16.3333,65.39,30,0,14.23,clear sky
560,Luoyang,CN,34.6836,112.4536,98.67,31,98,6.44,overcast clouds
561,Muyezerskiy,RU,63.9333,31.65,58.15,77,77,10.56,broken clouds
562,Joao Neiva,BR,-19.7575,-40.3856,62.76,94,2,2.71,clear sky
563,Mangai,CD,-4.05,19.5333,87.3,46,12,2.62,few clouds
564,Makakilo City,US,21.3469,-158.0858,77.32,81,75,13.8,broken clouds
565,Lavrentiya,RU,65.5833,-171.0,49.93,80,100,2.55,light rain
566,Warrnambool,AU,-38.3833,142.4833,47.8,70,32,22.08,scattered clouds
567,Mareeba,AU,-17.0,145.4333,66.92,82,45,4.43,scattered clouds
568,Usiacuri,CO,10.75,-74.9833,79.32,93,47,2.17,scattered clouds
569,Henties Bay,NA,-22.116,14.2845,75.61,28,0,25.23,clear sky
570,Moose Factory,CA,51.2585,-80.6094,53.6,100,20,4.61,fog
571,Novo Aripuana,BR,-5.1206,-60.3797,73.49,85,54,1.12,broken clouds
572,Bremerton,US,47.5673,-122.6326,62.06,81,75,0.0,broken clouds
573,Dzaoudzi,YT,-12.7887,45.2699,80.49,65,75,14.97,broken clouds
574,Bahia Honda,CU,22.9036,-83.1592,76.66,87,15,4.12,light rain
575,Khorinsk,RU,52.1657,109.7726,82.2,21,4,6.6,clear sky
576,Dali,CN,25.7,100.1833,81.01,53,100,6.29,overcast clouds
577,Nouakchott,MR,18.0858,-15.9785,75.13,84,12,16.15,few clouds
578,Nueva Gerona,CU,21.8833,-82.8,79.41,76,16,4.03,few clouds
579,Port Moresby,PG,-9.4431,147.1797,80.02,83,75,11.5,haze
580,Upington,ZA,-28.4478,21.2561,64.78,36,0,16.11,clear sky
581,Dalby,AU,-27.1833,151.2667,63.99,43,100,1.01,overcast clouds
582,Sivaki,RU,52.6333,126.75,79.7,59,73,6.46,broken clouds
583,Ayagoz,KZ,47.9714,80.4392,94.87,14,58,24.92,broken clouds
584,Kilindoni,TZ,-7.9139,39.6668,75.34,78,59,18.95,light rain
585,Barretos,BR,-20.5572,-48.5678,65.57,50,100,5.59,overcast clouds
586,Kalevala,RU,65.2,31.1667,65.07,53,36,6.49,light rain
587,Manicore,BR,-5.8092,-61.3003,73.35,94,0,0.0,clear sky
588,Venado Tuerto,AR,-33.7456,-61.9688,36.77,75,1,6.53,clear sky
589,Bugyi,HU,47.2275,19.1466,75.88,24,0,11.16,clear sky
590,Marzuq,YE,14.4,46.4667,92.93,23,97,11.14,overcast clouds
591,Buraydah,SA,26.326,43.975,104.45,8,51,10.8,broken clouds
592,El Tocuyo,VE,9.7873,-69.7937,71.17,89,100,5.23,overcast clouds
593,Sosnogorsk,RU,63.6023,53.8817,78.15,34,2,7.43,clear sky
594,Bonavista,CA,48.6499,-53.1147,56.01,84,74,7.92,broken clouds
595,Nioro,GM,13.35,-15.75,80.71,73,95,10.2,overcast clouds
596,Dunedin,NZ,-45.8742,170.5036,53.8,44,70,11.99,broken clouds
597,Nyurba,RU,63.2842,118.3319,67.71,86,99,4.47,light rain
598,Chara,RU,56.9064,118.2631,71.24,74,100,3.13,light rain
599,Zeya,RU,53.75,127.2667,77.59,75,96,5.21,light rain
600,Puerto Baquerizo Moreno,EC,-0.9,-89.6,69.01,79,66,14.34,broken clouds
601,Salina Cruz,MX,16.1667,-95.2,76.71,76,82,8.32,broken clouds
602,Acajutla,SV,13.5928,-89.8275,77.95,78,99,6.35,overcast clouds
603,Gweta,BW,-20.1833,25.2333,65.8,40,0,12.91,clear sky
604,Lagunas,PE,-5.2269,-75.6753,70.92,98,71,0.96,broken clouds
605,Cordoba,AR,-31.4135,-64.1811,34.75,71,0,9.22,clear sky
606,Tigre,AR,-34.426,-58.5796,40.21,88,0,2.3,clear sky
607,Plainfield,US,40.6168,-74.4173,73.08,94,75,0.0,moderate rain
608,Iguatemi,BR,-23.6803,-54.5611,57.15,83,100,6.67,overcast clouds
609,Northam,GB,51.0333,-4.2167,73.26,44,78,11.92,broken clouds
610,Svetlyy,RU,54.675,20.1347,66.96,49,43,13.24,scattered clouds
611,Ponta Delgada,PT,37.7333,-25.6667,71.51,83,75,9.22,broken clouds
612,Iwanai,JP,42.9744,140.5089,66.78,98,100,0.98,light rain
613,Qurayyat,SA,31.3318,37.3428,89.78,19,0,9.22,clear sky
614,Gunnedah,AU,-30.9833,150.25,49.53,92,68,5.93,broken clouds
615,Lukovetskiy,RU,64.2956,41.9211,71.24,39,32,6.51,scattered clouds
616,Alta Floresta,BR,-9.8756,-56.0861,69.55,67,8,4.81,clear sky
617,Naron,ES,43.5167,-8.1528,74.91,54,10,2.21,clear sky
618,Qasigiannguit,GL,68.8193,-51.1922,44.85,81,86,5.55,overcast clouds
619,Kibala,TD,9.1104,18.3463,75.25,86,100,3.04,light rain
620,Sainte-Martine,CA,45.2501,-73.7992,70.02,80,61,6.6,broken clouds
621,Superior,US,46.7208,-92.1041,67.48,95,100,8.05,fog
622,Iskateley,RU,67.6803,53.1512,74.73,55,100,10.8,overcast clouds
623,Seybaplaya,MX,19.65,-90.6667,75.9,84,45,9.98,scattered clouds
624,Sosnovo-Ozerskoye,RU,52.5249,111.5418,75.9,26,6,10.4,clear sky
625,Kichera,RU,55.9375,110.0997,66.31,64,20,5.7,few clouds
626,Vitim,RU,59.4511,112.5578,69.13,52,100,4.99,overcast clouds
627,Point Pedro,LK,9.8167,80.2333,85.87,69,83,13.38,moderate rain
628,Batagay-Alyta,RU,67.8006,130.4114,49.05,81,100,2.98,overcast clouds
629,Tahta,EG,26.7693,31.5021,94.28,20,3,18.7,clear sky
630,Yeppoon,AU,-23.1333,150.7333,67.78,85,13,5.95,few clouds
631,Weligama,LK,5.9667,80.4167,83.75,70,100,12.19,overcast clouds
632,Grand Baie,MU,-20.0182,57.5802,72.45,69,49,10.0,scattered clouds
633,Tekeli,KZ,44.83,78.8239,87.55,17,35,12.01,scattered clouds
634,Turayf,SA,31.6725,38.6637,93.45,24,0,6.91,clear sky
635,Ilinskiy,RU,55.619,38.1182,71.31,46,20,7.0,few clouds
636,Flin Flon,CA,54.7682,-101.865,62.65,96,100,3.18,overcast clouds
637,Micheweni,TZ,-4.9667,39.8333,79.21,66,34,16.37,light rain
638,Palmer,US,42.1584,-72.3287,69.17,88,75,0.0,broken clouds
639,Port Hedland,AU,-20.3167,118.5667,80.65,24,1,10.36,clear sky
640,Kindu,CD,-2.95,25.95,91.96,37,41,0.69,scattered clouds
641,Shrewsbury,GB,52.7101,-2.7521,74.68,64,100,9.75,overcast clouds
642,Tucuman,AR,-26.8241,-65.2226,33.8,86,0,8.05,clear sky
643,Muroto,JP,33.2833,134.15,80.38,82,100,16.93,overcast clouds
644,Fernley,US,39.608,-119.2518,81.75,20,74,4.0,broken clouds
645,Male,MV,4.1748,73.5089,84.15,84,75,12.66,moderate rain
646,Pangoa,PE,-12.1167,-73.0,64.53,99,46,2.93,scattered clouds
647,Chapais,CA,49.7834,-74.8492,58.78,94,48,3.22,scattered clouds
648,Onverwacht,SR,5.5833,-55.1833,75.85,100,40,0.0,fog
649,Panna,IN,24.7167,80.2,97.7,35,58,13.78,broken clouds
650,Kaele,CM,10.1092,14.4508,74.61,85,100,8.72,overcast clouds
651,Ballina,AU,-28.8667,153.5667,59.77,70,33,12.01,scattered clouds
652,Skowhegan,US,44.7651,-69.7192,66.38,94,71,2.06,broken clouds
653,Isselburg,DE,51.8333,6.4667,71.04,40,23,3.36,few clouds
654,Balkanabat,TM,39.5108,54.3671,110.03,7,0,16.11,clear sky
655,Avera,US,33.194,-82.5271,73.54,90,19,3.85,few clouds
656,Kamenka,RU,51.3223,42.7678,83.41,40,37,11.74,scattered clouds
657,Linaon,PH,9.9499,122.4483,83.03,76,100,9.91,overcast clouds
658,Ossora,RU,59.2353,163.0719,68.79,61,73,15.57,broken clouds
659,Neftcala,AZ,39.3742,49.2472,89.6,46,0,14.07,clear sky
660,Ayios Nikolaos,GR,38.4167,23.65,96.66,24,0,5.75,clear sky
661,Nambiyur,IN,11.3667,77.3333,87.39,45,99,7.11,overcast clouds
662,Bokovskaya,RU,49.229,41.8306,88.41,33,19,8.95,few clouds
663,Banda Aceh,ID,5.5577,95.3222,86.09,67,47,12.39,scattered clouds
664,Buckeye,US,33.3703,-112.5838,93.11,49,100,5.08,overcast clouds
665,Concarneau,FR,47.875,-3.9225,82.81,37,80,13.96,broken clouds
666,Trelew,AR,-43.249,-65.3051,37.42,57,90,9.17,overcast clouds
667,Muros,ES,42.7762,-9.0603,70.36,73,84,5.03,broken clouds
668,Karachi,PK,24.9056,67.0822,93.02,59,40,16.11,scattered clouds
669,Satkhira,BD,22.7167,89.1,91.76,56,80,18.37,broken clouds
670,Sao Luiz Gonzaga,BR,-28.4083,-54.9608,46.9,89,99,4.45,overcast clouds
671,Sioux Lookout,CA,50.1001,-91.917,62.67,100,0,0.0,clear sky
672,Gualaquiza,EC,-3.4,-78.55,59.59,97,99,1.28,overcast clouds
673,Kloulklubed,PW,7.0419,134.2556,79.3,72,100,4.32,overcast clouds
674,Gavrilovka Vtoraya,RU,52.877,42.7663,74.89,63,31,6.55,scattered clouds
675,Booue,GA,-0.0921,11.9385,82.76,57,62,3.69,broken clouds
676,Port Augusta,AU,-32.5,137.7667,54.0,63,69,8.63,broken clouds
677,Srandakan,ID,-7.9386,110.2506,80.31,78,79,11.72,light rain
